Time,V_in,V_out
1.0,-1.0,0.0
1.01,-1.0,-0.002496880268848126
1.02,-1.0,-0.004987526031872611
1.03,-1.0,-0.007471954737995263
1.04,-1.0,-0.009950176963505555
1.05,-1.0,-0.01242221463700103
1.06,-1.0,-0.014888071961699991
1.07,-1.0,-0.017347768738303307
1.08,-1.0,-0.019801322807418024
1.09,-1.0,-0.022248752009651186
1.1,-1.0,-0.024690074185609846
1.11,-1.0,-0.027125303614577573
1.12,-1.0,-0.02955445243289899
1.1300000000000001,-1.0,-0.03197753587317809
1.1400000000000001,-1.0,-0.034394569171253914
1.1500000000000001,-1.0,-0.03680556756296551
1.1600000000000001,-1.0,-0.039210546111565034
1.1700000000000002,-1.0,-0.04160951958119101
1.1800000000000002,-1.0,-0.04400250300309557
1.1900000000000002,-1.0,-0.046389511419289896
1.2000000000000002,-1.0,-0.04877055987178515
1.2100000000000002,-1.0,-0.05114566262512386
1.2200000000000002,-1.0,-0.05351483601777614
1.2300000000000002,-1.0,-0.055878093520592816
1.2400000000000002,-1.0,-0.05823545009681968
1.2500000000000002,-1.0,-0.06058692067239435
1.2600000000000002,-1.0,-0.06293252009354632
1.2700000000000002,-1.0,-0.06527226282834747
1.2800000000000002,-1.0,-0.06760616348701909
1.2900000000000003,-1.0,-0.06993423669665272
1.3000000000000003,-1.0,-0.07225649703485831
1.3100000000000003,-1.0,-0.07457295902976405
1.3200000000000003,-1.0,-0.0768836371600165
1.3300000000000003,-1.0,-0.07918854585478051
1.3400000000000003,-1.0,-0.08148769949373924
1.3500000000000003,-1.0,-0.08378111240709418
1.3600000000000003,-1.0,-0.08606879887627436
1.3700000000000003,-1.0,-0.0883507732921643
1.3800000000000003,-1.0,-0.09062705001290855
1.3900000000000003,-1.0,-0.0928976432552819
1.4000000000000004,-1.0,-0.09516256719365908
1.4100000000000004,-1.0,-0.09742183596001476
1.4200000000000004,-1.0,-0.09967546364392352
1.4300000000000004,-1.0,-0.10192346429255983
1.4400000000000004,-1.0,-0.10416585191069813
1.4500000000000004,-1.0,-0.10640264046071278
1.4600000000000004,-1.0,-0.10863384386257802
1.4700000000000004,-1.0,-0.1108594760643561
1.4800000000000004,-1.0,-0.11307955113271204
1.4900000000000004,-1.0,-0.11529408295338095
1.5000000000000004,-1.0,-0.11750308536686675
1.5100000000000005,-1.0,-0.11970657217844094
1.5200000000000005,-1.0,-0.12190455715814258
1.5300000000000005,-1.0,-0.12409705404077825
1.5400000000000005,-1.0,-0.12628407652592216
1.5500000000000005,-1.0,-0.12846563827791602
1.5600000000000005,-1.0,-0.13064175292586913
1.5700000000000005,-1.0,-0.132812434065745
1.5800000000000005,-1.0,-0.13497769528272816
1.5900000000000005,-1.0,-0.13713755011607448
1.6000000000000005,-1.0,-0.13929201206464872
1.6100000000000005,-1.0,-0.14144109459295798
1.6200000000000006,-1.0,-0.14358481113115137
1.6300000000000006,-1.0,-0.1457231750750204
1.6400000000000006,-1.0,-0.1478561997859986
1.6500000000000006,-1.0,-0.14998389859116182
1.6600000000000006,-1.0,-0.15210628478322807
1.6700000000000006,-1.0,-0.1542233715357221
1.6800000000000006,-1.0,-0.15633517229352994
1.6900000000000006,-1.0,-0.15844170013986314
1.7000000000000006,-1.0,-0.16054296824386607
1.7100000000000006,-1.0,-0.16263898974049645
1.7200000000000006,-1.0,-0.16472977773061062
1.7300000000000006,-1.0,-0.16681534528104894
1.7400000000000007,-1.0,-0.16889570542472143
1.7500000000000007,-1.0,-0.170970871160693
1.7600000000000007,-1.0,-0.17304085545426912
1.7700000000000007,-1.0,-0.17510567123708104
1.7800000000000007,-1.0,-0.1771653314112102
1.7900000000000007,-1.0,-0.1792198488594092
1.8000000000000007,-1.0,-0.1812692364237006
1.8100000000000007,-1.0,-0.18331350691349607
1.8200000000000007,-1.0,-0.18535267310687903
1.8300000000000007,-1.0,-0.18738674775081826
1.8400000000000007,-1.0,-0.1894157435613816
1.8500000000000008,-1.0,-0.1914396732239497
1.8600000000000008,-1.0,-0.1934585493918941
1.8700000000000008,-1.0,-0.1954723846750483
1.8800000000000008,-1.0,-0.19748119165751848
1.8900000000000008,-1.0,-0.19948498289432448
1.9000000000000008,-1.0,-0.20148377090922595
1.9100000000000008,-1.0,-0.20347756819482468
1.9200000000000008,-1.0,-0.2054663872126671
1.9300000000000008,-1.0,-0.20745024039334664
1.9400000000000008,-1.0,-0.20942914013638939
1.9500000000000008,-1.0,-0.21140309880511343
1.9600000000000009,-1.0,-0.2133721287416495
1.9700000000000009,-1.0,-0.21533624224784356
1.9800000000000009,-1.0,-0.21729545160499197
1.9900000000000009,-1.0,-0.21924974758707258
2.000000000000001,1.0,-0.2211991051248007
2.0100000000000007,1.0,-0.21814993423366763
2.020000000000001,1.0,-0.21510836294634014
2.030000000000001,1.0,-0.21207438609015258
2.040000000000001,1.0,-0.2090479847027243
2.0500000000000007,1.0,-0.20602913986921306
2.060000000000001,1.0,-0.20301783272166501
2.070000000000001,1.0,-0.20001404443925455
2.080000000000001,1.0,-0.19701775624866433
2.0900000000000007,1.0,-0.19402894942308693
2.100000000000001,1.0,-0.1910476052820658
2.110000000000001,1.0,-0.18807370519251496
2.120000000000001,1.0,-0.18510723056772976
2.130000000000001,1.0,-0.18214816286672517
2.140000000000001,1.0,-0.1791964835955754
2.1500000000000012,1.0,-0.17625217430666393
2.160000000000001,1.0,-0.1733152165972637
2.170000000000001,1.0,-0.17038559211178667
2.180000000000001,1.0,-0.1674632825374675
2.1900000000000013,1.0,-0.16454826959445712
2.200000000000001,1.0,-0.16164053506070938
2.210000000000001,1.0,-0.1587400607620173
2.220000000000001,1.0,-0.1558468285699184
2.2300000000000013,1.0,-0.15296082040157516
2.240000000000001,1.0,-0.15008201821965492
2.250000000000001,1.0,-0.14721040403220975
2.260000000000001,1.0,-0.144345959892557
2.2700000000000014,1.0,-0.14148866789915945
2.280000000000001,1.0,-0.13863851019550555
2.290000000000001,1.0,-0.1357954689699891
2.300000000000001,1.0,-0.13295952645578965
2.3100000000000014,1.0,-0.13013066493075312
2.320000000000001,1.0,-0.12730886671727154
2.330000000000001,1.0,-0.12449411418216291
2.340000000000001,1.0,-0.12168638973655184
2.3500000000000014,1.0,-0.11888567583574976
2.360000000000001,1.0,-0.11609195497913488
2.370000000000001,1.0,-0.11330520971003216
2.3800000000000012,1.0,-0.11052542261559367
2.3900000000000015,1.0,-0.107752576326679
2.4000000000000012,1.0,-0.1049866535177352
2.410000000000001,1.0,-0.10222763690667665
2.4200000000000013,1.0,-0.09947550925476555
2.4300000000000015,1.0,-0.09673025336649223
2.4400000000000013,1.0,-0.09399185208945512
2.450000000000001,1.0,-0.09126028831419672
2.4600000000000013,1.0,-0.08853554495445017
2.4700000000000015,1.0,-0.08581760496684886
2.4800000000000013,1.0,-0.08310645136521419
2.490000000000001,1.0,-0.08040206720559015
2.5000000000000013,1.0,-0.07770443558611714
2.5100000000000016,1.0,-0.07501353964690582
2.5200000000000014,1.0,-0.07232936256991034
2.530000000000001,1.0,-0.06965188757880163
2.5400000000000014,1.0,-0.06698109793884136
2.5500000000000016,1.0,-0.06431697695675558
2.5600000000000014,1.0,-0.06165950798060808
2.570000000000001,1.0,-0.05900867439967371
2.5800000000000014,1.0,-0.056364459644312234
2.5900000000000016,1.0,-0.05372684718584202
2.6000000000000014,1.0,-0.051095820536413386
2.610000000000001,1.0,-0.048471363248882016
2.6200000000000014,1.0,-0.04585345891668261
2.6300000000000017,1.0,-0.043242091173702785
2.6400000000000015,1.0,-0.04063724369415633
2.6500000000000012,1.0,-0.038038900192456565
2.6600000000000015,1.0,-0.035447044423090115
2.6700000000000017,1.0,-0.03286166018049071
2.6800000000000015,1.0,-0.030282731298912464
2.6900000000000013,1.0,-0.027710241652303277
2.7000000000000015,1.0,-0.02514417515417857
2.7100000000000017,1.0,-0.022584515757495077
2.7200000000000015,1.0,-0.020031247454524174
2.7300000000000013,1.0,-0.01748435429057635
2.7400000000000015,1.0,-0.014943820409782274
2.7500000000000018,1.0,-0.012409629943242122
2.7600000000000016,1.0,-0.009881767052671353
2.7700000000000014,1.0,-0.007360215939222821
2.7800000000000016,1.0,-0.0048449608433779046
2.790000000000002,1.0,-0.002335986044837382
2.8000000000000016,1.0,0.00016672413758786475
2.8100000000000014,1.0,0.0026631853460863525
2.8200000000000016,1.0,0.005153413183954909
2.830000000000002,1.0,0.007637423215707748
2.8400000000000016,1.0,0.010115230967185793
2.8500000000000014,1.0,0.012586851925666172
2.8600000000000017,1.0,0.015052301539971148
2.870000000000002,1.0,0.01751159522057716
2.8800000000000017,1.0,0.019964748339724156
2.8900000000000015,1.0,0.022411776231525116
2.9000000000000017,1.0,0.024852694192074948
2.910000000000002,1.0,0.027287517479559528
2.9200000000000017,1.0,0.029716261314365097
2.9300000000000015,1.0,0.03213894087918768
2.9400000000000017,1.0,0.034555571319142074
2.950000000000002,1.0,0.03696616774187083
2.9600000000000017,1.0,0.03937074521765368
2.9700000000000015,1.0,0.041769318779516944
2.9800000000000018,1.0,0.044161903423342516
2.990000000000002,1.0,0.04654851410797687
3.0000000000000018,-1.0,0.04892916320670355
3.0100000000000016,-1.0,0.04631011757838268
3.020000000000002,-1.0,0.0436976092813519
3.030000000000002,-1.0,0.04109162409773528
3.040000000000002,-1.0,0.038492145738929416
3.0500000000000016,-1.0,0.035899157958408486
3.060000000000002,-1.0,0.03331264455201675
3.070000000000002,-1.0,0.030732589353325998
3.080000000000002,-1.0,0.028158976236702753
3.0900000000000016,-1.0,0.025591789117017885
3.100000000000002,-1.0,0.023031011949336933
3.110000000000002,-1.0,0.02047662872885502
3.120000000000002,-1.0,0.017928623490563848
3.1300000000000017,-1.0,0.015386980307660676
3.140000000000002,-1.0,0.012851683288574244
3.150000000000002,-1.0,0.010322716586689443
3.160000000000002,-1.0,0.0078000643955982996
3.1700000000000017,-1.0,0.005283710948587761
3.180000000000002,-1.0,0.0027736405185364993
3.190000000000002,-1.0,0.00026983741781159976
3.200000000000002,-1.0,-0.0022277140018352043
3.2100000000000017,-1.0,-0.004719029349371205
3.220000000000002,-1.0,-0.007204124194586034
3.230000000000002,-1.0,-0.009683014068194926
3.240000000000002,-1.0,-0.012155714461942493
3.2500000000000018,-1.0,-0.014622240828706376
3.260000000000002,-1.0,-0.017082608582600592
3.2700000000000022,-1.0,-0.0195368330990788
3.280000000000002,-1.0,-0.021984929715038026
3.290000000000002,-1.0,-0.024426913728922375
3.300000000000002,-1.0,-0.026862800400826337
3.3100000000000023,-1.0,-0.029292604952598073
3.320000000000002,-1.0,-0.031716342567943125
3.330000000000002,-1.0,-0.03413402839252816
3.340000000000002,-1.0,-0.03654567753408422
3.3500000000000023,-1.0,-0.03895130506253412
3.360000000000002,-1.0,-0.041350926018839454
3.370000000000002,-1.0,-0.0437445554064213
3.380000000000002,-1.0,-0.046132208185016024
3.3900000000000023,-1.0,-0.04851389927712823
3.400000000000002,-1.0,-0.05088964356813968
3.410000000000002,-1.0,-0.05325945590641818
3.420000000000002,-1.0,-0.055623351103426075
3.4300000000000024,-1.0,-0.05798134393382869
3.440000000000002,-1.0,-0.060333449135603276
3.450000000000002,-1.0,-0.06267968141014787
3.460000000000002,-1.0,-0.06502005542238981
3.4700000000000024,-1.0,-0.06735458580089415
3.480000000000002,-1.0,-0.06968328713797262
3.490000000000002,-1.0,-0.0720061739897925
3.500000000000002,-1.0,-0.0743232608764851
3.5100000000000025,-1.0,-0.07663456228225422
3.5200000000000022,-1.0,-0.07894009265548511
3.530000000000002,-1.0,-0.08123986640885325
3.5400000000000023,-1.0,-0.08353389791943296
3.5500000000000025,-1.0,-0.08582220152880576
3.5600000000000023,-1.0,-0.0881047915431694
3.570000000000002,-1.0,-0.09038168223344661
3.5800000000000023,-1.0,-0.09265288783189957
3.5900000000000025,-1.0,-0.09491842250890944
3.6000000000000023,-1.0,-0.09717830041798728
3.610000000000002,-1.0,-0.09943253568318558
3.6200000000000023,-1.0,-0.10168114239336055
3.6300000000000026,-1.0,-0.10392413460226785
3.6400000000000023,-1.0,-0.10616152632865869
3.650000000000002,-1.0,-0.10839333155637591
3.6600000000000024,-1.0,-0.1106195642344498
3.6700000000000026,-1.0,-0.11284023827719368
3.6800000000000024,-1.0,-0.11505536756430013
3.690000000000002,-1.0,-0.11726496594093701
3.7000000000000024,-1.0,-0.11946904721784324
3.7100000000000026,-1.0,-0.12166762517142449
3.7200000000000024,-1.0,-0.1238607135438493
3.730000000000002,-1.0,-0.1260483260431452
3.7400000000000024,-1.0,-0.12823047634329438
3.7500000000000027,-1.0,-0.1304071780843295
3.7600000000000025,-1.0,-0.13257844487242973
3.7700000000000022,-1.0,-0.1347442902800168
3.7800000000000025,-1.0,-0.13690472784585092
3.7900000000000027,-1.0,-0.1390597710751263
3.8000000000000025,-1.0,-0.14120943343956732
3.8100000000000023,-1.0,-0.14335372837479513
3.8200000000000025,-1.0,-0.1454926692772957
3.8300000000000027,-1.0,-0.14762626951228466
3.8400000000000025,-1.0,-0.14975454241039768
3.8500000000000023,-1.0,-0.151877501267495
3.8600000000000025,-1.0,-0.1539951593447598
3.8700000000000028,-1.0,-0.15610752988000054
3.8800000000000026,-1.0,-0.15821462608012396
3.8900000000000023,-1.0,-0.16031646111571848
3.9000000000000026,-1.0,-0.162413048125717
3.910000000000003,-1.0,-0.16450440021765728
3.9200000000000026,-1.0,-0.16659053046649902
3.9300000000000024,-1.0,-0.16867145190573588
3.9400000000000026,-1.0,-0.1707471775398068
3.950000000000003,-1.0,-0.17281772034166856
3.9600000000000026,-1.0,-0.1748830932515492
3.9700000000000024,-1.0,-0.17694330917696852
3.9800000000000026,-1.0,-0.17899838099266055
3.990000000000003,-1.0,-0.18104832154508468
4.000000000000003,1.0,-0.1830931221139133
4.0100000000000025,1.0,-0.18013908339566007
4.020000000000003,1.0,-0.17719242055059523
4.030000000000003,1.0,-0.1742531151615941
4.040000000000003,1.0,-0.17132114885860683
4.0500000000000025,1.0,-0.16839650331663295
4.060000000000002,1.0,-0.1654791602566082
4.070000000000003,1.0,-0.16256910144512393
4.080000000000003,1.0,-0.15966630869359033
4.0900000000000025,1.0,-0.15677076385825653
4.100000000000003,1.0,-0.15388244884181695
4.110000000000003,1.0,-0.15100134559231596
4.120000000000003,1.0,-0.14812743610301538
4.130000000000003,1.0,-0.1452607024122778
4.140000000000002,1.0,-0.1424011266034485
4.150000000000003,1.0,-0.13954869080473753
4.160000000000003,1.0,-0.13670337718910275
4.170000000000003,1.0,-0.13386516797413073
4.180000000000003,1.0,-0.13103404542191965
4.190000000000003,1.0,-0.12820999183896234
4.200000000000003,1.0,-0.12539298957602685
4.210000000000003,1.0,-0.12258302102673811
4.220000000000002,1.0,-0.1197800686267862
4.230000000000003,1.0,-0.11698411485775911
4.240000000000003,1.0,-0.11419514224497873
4.250000000000003,1.0,-0.11141313335730292
4.260000000000003,1.0,-0.10863807080700189
4.270000000000003,1.0,-0.1058699372496344
4.280000000000003,1.0,-0.10310871538392183
4.290000000000003,1.0,-0.10035438795162466
4.3000000000000025,1.0,-0.09760693773741776
4.310000000000003,1.0,-0.09486634756876564
4.320000000000003,1.0,-0.09213260031579898
4.330000000000003,1.0,-0.08940567889118865
4.340000000000003,1.0,-0.0866855662519515
4.350000000000003,1.0,-0.0839722454016445
4.360000000000003,1.0,-0.08126569938230385
4.370000000000003,1.0,-0.07856591127801696
4.380000000000003,1.0,-0.07587286421506456
4.390000000000003,1.0,-0.07318654136180833
4.400000000000003,1.0,-0.07050692592857961
4.410000000000003,1.0,-0.06783400116756588
4.4200000000000035,1.0,-0.06516775037269922
4.430000000000003,1.0,-0.06250815687954481
4.440000000000003,1.0,-0.059855204065187455
4.450000000000003,1.0,-0.05720887534812021
4.460000000000003,1.0,-0.05456915418813206
4.470000000000003,1.0,-0.05193602408691798
4.480000000000003,1.0,-0.04930946858948941
4.490000000000003,1.0,-0.04668947128009758
4.5000000000000036,1.0,-0.04407601578376727
4.510000000000003,1.0,-0.041469085766388844
4.520000000000003,1.0,-0.038868664934610414
4.530000000000003,1.0,-0.03627473703573256
4.540000000000003,1.0,-0.0336872858576016
4.550000000000003,1.0,-0.03110629522850311
4.560000000000003,1.0,-0.028531749017056462
4.570000000000003,1.0,-0.025963631132107087
4.580000000000004,1.0,-0.023401925522620843
4.590000000000003,1.0,-0.020846616177578332
4.600000000000003,1.0,-0.018297687126192487
4.610000000000003,1.0,-0.0157551224388931
4.620000000000003,1.0,-0.013218906224847582
4.6300000000000034,1.0,-0.010689022632712533
4.640000000000003,1.0,-0.008165455850703574
4.650000000000003,1.0,-0.005648190106491041
4.660000000000004,1.0,-0.0031372096670977765
4.6700000000000035,1.0,-0.0006324988387968553
4.680000000000003,1.0,0.001865958032992679
4.690000000000003,1.0,0.004358176563807846
4.700000000000003,1.0,0.006844172330244853
4.7100000000000035,1.0,0.009323960870062258
4.720000000000003,1.0,0.011797557682283005
4.730000000000003,1.0,0.014264978225659527
4.740000000000004,1.0,0.016726237923752146
4.7500000000000036,1.0,0.01918135215702812
4.760000000000003,1.0,0.021630336270000255
4.770000000000003,1.0,0.02407320556887296
4.780000000000003,1.0,0.026509975321644622
4.790000000000004,1.0,0.02894066075820974
4.800000000000003,1.0,0.031365277070459704
4.810000000000003,1.0,0.0337838394123855
4.820000000000004,1.0,0.03619636290017818
4.830000000000004,1.0,0.038602862612329134
4.840000000000003,1.0,0.04100335358973203
4.850000000000003,1.0,0.04339785083578229
4.860000000000003,1.0,0.045786369316383746
4.870000000000004,1.0,0.04816892395925382
4.8800000000000034,1.0,0.050545529655203154
4.890000000000003,1.0,0.05291620125800597
4.900000000000004,1.0,0.055280953584319656
4.910000000000004,1.0,0.05763980141377125
4.9200000000000035,1.0,0.059992759489045
4.930000000000003,1.0,0.0623398425159671
4.940000000000003,1.0,0.06468106516359068
4.950000000000004,1.0,0.06701644206428006
4.9600000000000035,1.0,0.0693459878138321
4.970000000000003,1.0,0.07166971697227136
4.980000000000004,1.0,0.07398764406360402
4.990000000000004,1.0,0.07629978357494344
5.0000000000000036,-1.0,0.07860612429194473
5.010000000000003,-1.0,0.07591297771073566
5.020000000000003,-1.0,0.07322655469480875
5.030000000000004,-1.0,0.07054683934780981
5.040000000000004,-1.0,0.06787381492172252
5.050000000000003,-1.0,0.06520746471088763
5.060000000000004,-1.0,0.06254777205017621
5.070000000000004,-1.0,0.05989472031648928
5.080000000000004,-1.0,0.057248292928267705
5.090000000000003,-1.0,0.05460847334529875
5.100000000000003,-1.0,0.05197524506681814
5.110000000000004,-1.0,0.04934859163345952
5.120000000000004,-1.0,0.046728496628427554
5.1300000000000034,-1.0,0.0441149436760879
5.140000000000004,-1.0,0.04150791644186083
5.150000000000004,-1.0,0.03890739863211489
5.160000000000004,-1.0,0.03631337399405851
5.1700000000000035,-1.0,0.033725826315633825
5.180000000000003,-1.0,0.031144739425409414
5.190000000000004,-1.0,0.02857009719247304
5.200000000000004,-1.0,0.026001883526325514
5.2100000000000035,-1.0,0.02344008237677225
5.220000000000004,-1.0,0.02088467773381695
5.230000000000004,-1.0,0.018335653627555203
5.240000000000004,-1.0,0.015792994128066087
5.2500000000000036,-1.0,0.013256683345306037
5.260000000000003,-1.0,0.010726705427379652
5.270000000000004,-1.0,0.008203044558127284
5.280000000000004,-1.0,0.005685684964584551
5.290000000000004,-1.0,0.0031746109133786067
5.300000000000004,-1.0,0.0006698067103192325
5.310000000000004,-1.0,-0.0018287432997133972
5.320000000000004,-1.0,-0.004321054732882929
5.330000000000004,-1.0,-0.006807143166508836
5.340000000000003,-1.0,-0.009287024139179492
5.350000000000004,-1.0,-0.011760713150865333
5.360000000000004,-1.0,-0.014228225663030822
5.370000000000004,-1.0,-0.016689577098748666
5.380000000000004,-1.0,-0.019144782842812035
5.390000000000004,-1.0,-0.021593858241846824
5.400000000000004,-1.0,-0.02403681860442581
5.410000000000004,-1.0,-0.026473679201180683
5.4200000000000035,-1.0,-0.02890445526429139
5.430000000000004,-1.0,-0.031329161978450815
5.440000000000004,-1.0,-0.03374781449498027
5.450000000000004,-1.0,-0.036160427930400876
5.460000000000004,-1.0,-0.038567017363537584
5.470000000000004,-1.0,-0.0409675978356195
5.480000000000004,-1.0,-0.04336218435038221
5.490000000000004,-1.0,-0.045750791874167814
5.5000000000000036,-1.0,-0.048133435336026265
5.510000000000004,-1.0,-0.05051012962781648
5.520000000000004,-1.0,-0.05288088960430651
5.530000000000004,-1.0,-0.055245730083275824
5.5400000000000045,-1.0,-0.057604665845615646
5.550000000000004,-1.0,-0.05995771163542933
5.560000000000004,-1.0,-0.062304882160134606
5.570000000000004,-1.0,-0.06464619209056374
5.580000000000004,-1.0,-0.06698165606106475
5.590000000000004,-1.0,-0.0693112886666034
5.600000000000004,-1.0,-0.07163510446378915
5.610000000000004,-1.0,-0.0739531179763954
5.6200000000000045,-1.0,-0.07626534369197717
5.630000000000004,-1.0,-0.07857179606194338
5.640000000000004,-1.0,-0.08087248950165293
5.650000000000004,-1.0,-0.08316743839050889
5.660000000000004,-1.0,-0.08545665707205358
5.670000000000004,-1.0,-0.08774015985406382
5.680000000000004,-1.0,-0.09001796100864498
5.690000000000004,-1.0,-0.09229007477232719
5.700000000000005,-1.0,-0.09455651534615966
5.710000000000004,-1.0,-0.09681729689580504
5.720000000000004,-1.0,-0.09907243355163556
5.730000000000004,-1.0,-0.10132193940882717
5.740000000000004,-1.0,-0.10356582852745472
5.750000000000004,-1.0,-0.10580411493197275
5.760000000000004,-1.0,-0.10803681260888569
5.770000000000004,-1.0,-0.11026393551205184
5.780000000000005,-1.0,-0.11248549756095436
5.7900000000000045,-1.0,-0.11470151264034609
5.800000000000004,-1.0,-0.11691199460034188
5.810000000000004,-1.0,-0.11911695725650893
5.820000000000004,-1.0,-0.12131641438995816
5.8300000000000045,-1.0,-0.12351037974743545
5.840000000000004,-1.0,-0.12569886704141212
5.850000000000004,-1.0,-0.1278818899501771
5.860000000000005,-1.0,-0.13005946211792763
5.8700000000000045,-1.0,-0.13223159715485966
5.880000000000004,-1.0,-0.13439830863726032
5.890000000000004,-1.0,-0.13655961010759812
5.900000000000004,-1.0,-0.13871551507461435
5.910000000000005,-1.0,-0.14086603701340014
5.920000000000004,-1.0,-0.1430111893643595
5.930000000000004,-1.0,-0.14515098553370756
5.940000000000005,-1.0,-0.1472854388941068
5.950000000000005,-1.0,-0.14941456278431053
5.960000000000004,-1.0,-0.15153837051109725
5.970000000000004,-1.0,-0.15365687534922215
5.980000000000004,-1.0,-0.15577009053978405
5.990000000000005,-1.0,-0.1578780292912759
6.000000000000004,1.0,-0.15998067990029372
6.010000000000004,1.0,-0.15708435097085421
6.020000000000005,1.0,-0.1541952529712656
6.030000000000005,1.0,-0.15131336869977155
6.0400000000000045,1.0,-0.14843868014103892
6.050000000000004,1.0,-0.14557116932520836
6.060000000000004,1.0,-0.14271081832925986
6.070000000000005,1.0,-0.13985760927526242
6.0800000000000045,1.0,-0.13701152433330993
6.090000000000004,1.0,-0.13417254572061035
6.100000000000005,1.0,-0.13134065569353365
6.110000000000005,1.0,-0.12851583654881654
6.1200000000000045,1.0,-0.12569807063165692
6.130000000000004,1.0,-0.12288734033162738
6.140000000000004,1.0,-0.12008362808096777
6.150000000000005,1.0,-0.11728691635627331
6.160000000000005,1.0,-0.11449718767854787
6.170000000000004,1.0,-0.1117144246125817
6.180000000000005,1.0,-0.10893860976461213
6.190000000000005,1.0,-0.10616972578647675
6.200000000000005,1.0,-0.10340775537308639
6.210000000000004,1.0,-0.10065268124258216
6.220000000000004,1.0,-0.09790448615646306
6.230000000000005,1.0,-0.09516315293673965
6.240000000000005,1.0,-0.09242866444872898
6.250000000000004,1.0,-0.08970100360094029
6.260000000000005,1.0,-0.08698015334496255
6.270000000000005,1.0,-0.08426609667535238
6.280000000000005,1.0,-0.08155881662951944
6.2900000000000045,1.0,-0.07885829628761452
6.300000000000004,1.0,-0.07616451877241626
6.310000000000005,1.0,-0.07347746724921789
6.320000000000005,1.0,-0.07079712492571522
6.3300000000000045,1.0,-0.06812347505189222
6.340000000000005,1.0,-0.0654565009199087
6.350000000000005,1.0,-0.06279618586398812
6.360000000000005,1.0,-0.060142513260303024
6.3700000000000045,1.0,-0.05749546652686311
6.380000000000004,1.0,-0.05485502912340197
6.390000000000005,1.0,-0.05222118455126384
6.400000000000005,1.0,-0.04959391635329153
6.410000000000005,1.0,-0.04697320811371209
6.420000000000005,1.0,-0.044359043458024446
6.430000000000005,1.0,-0.04175140605288714
6.440000000000005,1.0,-0.03915027960600392
6.450000000000005,1.0,-0.036555647866011676
6.460000000000004,1.0,-0.03396749462236725
6.470000000000005,1.0,-0.031385803705234146
6.480000000000005,1.0,-0.028810558985370507
6.490000000000005,1.0,-0.026241744374014712
6.500000000000005,1.0,-0.02367934382277309
6.510000000000005,1.0,-0.021123341323507586
6.520000000000005,1.0,-0.018573720908221417
6.530000000000005,1.0,-0.016030466648946973
6.5400000000000045,1.0,-0.013493562657632612
6.550000000000005,1.0,-0.01096299308602942
6.560000000000005,1.0,-0.008438742125579128
6.570000000000005,1.0,-0.005920794003933624
6.580000000000005,1.0,-0.0034091329487079547
6.590000000000005,1.0,-0.0009037432521463301
6.600000000000005,1.0,0.0015953907427506825
6.610000000000005,1.0,0.004088284654117771
6.6200000000000045,1.0,0.006574954061342689
6.630000000000005,1.0,0.00905541450518399
6.640000000000005,1.0,0.01152968148788762
6.650000000000005,1.0,0.01399777047330586
6.6600000000000055,1.0,0.016459696887014152
6.670000000000005,1.0,0.01891547611642802
6.680000000000005,1.0,0.021365123510921867
6.690000000000005,1.0,0.02380865438194569
6.700000000000005,1.0,0.02624608400314274
6.710000000000005,1.0,0.028677427610467404
6.720000000000005,1.0,0.031102700402301786
6.730000000000005,1.0,0.033521917539574564
6.7400000000000055,1.0,0.03593509414587787
6.750000000000005,1.0,0.038342245307584226
6.760000000000005,1.0,0.04074338607396527
6.770000000000005,1.0,0.043138531457308525
6.780000000000005,1.0,0.04552769643303514
6.790000000000005,1.0,0.04791089593981757
6.800000000000005,1.0,0.05028814487969636
6.810000000000005,1.0,0.052659458118198846
6.820000000000006,1.0,0.055024850484456156
6.830000000000005,1.0,0.057384336771320044
6.840000000000005,1.0,0.05973793173548173
6.850000000000005,1.0,0.06208565009758857
6.860000000000005,1.0,0.06442750654236179
6.870000000000005,1.0,0.06676351571871429
6.880000000000005,1.0,0.06909369223986726
6.890000000000005,1.0,0.07141805068346906
6.900000000000006,1.0,0.07373660559171202
6.9100000000000055,1.0,0.0760493714714495
6.920000000000005,1.0,0.0783563627943145
6.930000000000005,1.0,0.0806575939968365
6.940000000000005,1.0,0.08295307945202988
6.9500000000000055,1.0,0.08524283338690472
6.960000000000005,1.0,0.0875268700630835
6.970000000000005,1.0,0.08980520377419238
6.980000000000006,1.0,0.0920778487665014
6.9900000000000055,1.0,0.09434479996003733
7.000000000000005,-1.0,0.0966060618967703
7.010000000000005,-1.0,0.09386803054341335
7.020000000000005,-1.0,0.0911367759587894
7.030000000000006,-1.0,0.08841234098288203
7.040000000000005,-1.0,0.08569470858631704
7.050000000000005,-1.0,0.08298386178358806
7.060000000000006,-1.0,0.08027978363386089
7.070000000000006,-1.0,0.07758245723756062
7.080000000000005,-1.0,0.07489186573505005
7.090000000000005,-1.0,0.07220799231029423
7.100000000000005,-1.0,0.0695308201889009
7.110000000000006,-1.0,0.0668603326387112
7.120000000000005,-1.0,0.06419651296897017
7.130000000000005,-1.0,0.06153934453089174
7.140000000000006,-1.0,0.058888810714814645
7.150000000000006,-1.0,0.05624489494663766
7.1600000000000055,-1.0,0.05360758070058452
7.170000000000005,-1.0,0.050976851492953786
7.180000000000005,-1.0,0.048352690881460623
7.190000000000006,-1.0,0.04573508246512851
7.2000000000000055,-1.0,0.04312400988418216
7.210000000000005,-1.0,0.04051945681993814
7.220000000000006,-1.0,0.037921406994697426
7.230000000000006,-1.0,0.0353298441716382
7.2400000000000055,-1.0,0.03274475215470635
7.250000000000005,-1.0,0.030166114788508402
7.260000000000005,-1.0,0.02759391595820324
7.270000000000006,-1.0,0.025028139589393882
7.280000000000006,-1.0,0.022468769648020335
7.290000000000005,-1.0,0.019915790140250217
7.300000000000006,-1.0,0.0173691851123714
7.310000000000006,-1.0,0.01482893865068469
7.320000000000006,-1.0,0.012295034881394398
7.330000000000005,-1.0,0.009767457970501263
7.340000000000005,-1.0,0.007246192123694153
7.350000000000006,-1.0,0.0047312215862418605
7.360000000000006,-1.0,0.002222530642885933
7.370000000000005,-1.0,-0.0002798963822686759
7.380000000000006,-1.0,-0.002776075126286269
7.390000000000006,-1.0,-0.005266021200347269
7.400000000000006,-1.0,-0.007749750171734196
7.4100000000000055,-1.0,-0.010227277563195351
7.420000000000005,-1.0,-0.012698618858860027
7.430000000000006,-1.0,-0.015163789504352015
7.440000000000006,-1.0,-0.017622804906902073
7.4500000000000055,-1.0,-0.02007568043546247
7.460000000000006,-1.0,-0.022522431420819666
7.470000000000006,-1.0,-0.02496307315570693
7.480000000000006,-1.0,-0.027397620894918956
7.4900000000000055,-1.0,-0.029826089855424287
7.500000000000005,-1.0,-0.032248495216478795
7.510000000000006,-1.0,-0.034664852119739235
7.520000000000006,-1.0,-0.03707517566937564
7.530000000000006,-1.0,-0.03947948093218593
7.540000000000006,-1.0,-0.04187778293770855
7.550000000000006,-1.0,-0.04427009667833512
7.560000000000006,-1.0,-0.046656437109425006
7.570000000000006,-1.0,-0.04903681914941778
7.580000000000005,-1.0,-0.05141125767994671
7.590000000000006,-1.0,-0.053779767545952276
7.600000000000006,-1.0,-0.05614236355579459
7.610000000000006,-1.0,-0.058499060481368007
7.620000000000006,-1.0,-0.06084987305821373
7.630000000000006,-1.0,-0.06319481597144042
7.640000000000006,-1.0,-0.0655339038441265
7.650000000000006,-1.0,-0.06786715129356392
7.6600000000000055,-1.0,-0.07019457290232113
7.670000000000006,-1.0,-0.07251618321663902
7.680000000000006,-1.0,-0.07483199674652968
7.690000000000006,-1.0,-0.07714202796587724
7.700000000000006,-1.0,-0.0794462913125368
7.710000000000006,-1.0,-0.08174480118843339
7.720000000000006,-1.0,-0.08403757195966276
7.730000000000006,-1.0,-0.08632461795659024
7.7400000000000055,-1.0,-0.08860595347395037
7.750000000000006,-1.0,-0.09088159277094679
7.760000000000006,-1.0,-0.09315155007135091
7.770000000000006,-1.0,-0.09541583956360283
7.7800000000000065,-1.0,-0.09767447540091018
7.790000000000006,-1.0,-0.09992747170134716
7.800000000000006,-1.0,-0.10217484254795534
7.810000000000006,-1.0,-0.10441660198884233
7.820000000000006,-1.0,-0.10665276403728169
7.830000000000006,-1.0,-0.10888334267181261
7.840000000000006,-1.0,-0.11110835183633874
7.850000000000006,-1.0,-0.11332780544022894
7.8600000000000065,-1.0,-0.11554171735841626
7.870000000000006,-1.0,-0.11775010143112358
7.880000000000006,-1.0,-0.1199529714556595
7.890000000000006,-1.0,-0.12215034119469595
7.900000000000006,-1.0,-0.12434222437735269
7.910000000000006,-1.0,-0.12652863469682463
7.920000000000006,-1.0,-0.12870958581030703
7.930000000000006,-1.0,-0.13088509133915502
7.940000000000007,-1.0,-0.13305516488436603
7.950000000000006,-1.0,-0.13521982001525676
7.960000000000006,-1.0,-0.13737907026234253
7.970000000000006,-1.0,-0.13953292912378484
7.980000000000006,-1.0,-0.14168141006567195
7.990000000000006,-1.0,-0.14382452539627277
8.000000000000007,1.0,-0.14596225833166637
8.010000000000005,1.0,-0.14310093083554493
8.020000000000007,1.0,-0.14024674772394852
8.030000000000006,1.0,-0.1373996911580449
8.040000000000006,1.0,-0.13455974334405063
8.050000000000006,1.0,-0.13172688653214593
8.060000000000006,1.0,-0.12890110301696667
8.070000000000007,1.0,-0.1260823751370822
8.080000000000005,1.0,-0.12327068527441676
8.090000000000007,1.0,-0.1204660158557154
8.100000000000007,1.0,-0.1176683493518069
8.110000000000007,1.0,-0.11487766827741108
8.120000000000006,1.0,-0.11209395519102713
8.130000000000006,1.0,-0.10931719269481883
8.140000000000006,1.0,-0.1065473634345004
8.150000000000006,1.0,-0.10378445009922216
8.160000000000007,1.0,-0.10102843542145593
8.170000000000005,1.0,-0.09827930217688315
8.180000000000007,1.0,-0.09553703318427527
8.190000000000007,1.0,-0.09280161130392894
8.200000000000006,1.0,-0.09007301943840139
8.210000000000006,1.0,-0.08735124053405398
8.220000000000006,1.0,-0.0846362575797556
8.230000000000008,1.0,-0.08192805360676127
8.240000000000006,1.0,-0.07922661168859373
8.250000000000007,1.0,-0.07653191494091725
8.260000000000007,1.0,-0.07384394652142359
8.270000000000007,1.0,-0.07116268962970573
8.280000000000006,1.0,-0.06848812750713959
8.290000000000006,1.0,-0.06582024343676253
8.300000000000006,1.0,-0.06315902074343872
8.310000000000006,1.0,-0.06050444279708753
8.320000000000007,1.0,-0.05785649300754089
8.330000000000005,1.0,-0.05521515482511529
8.340000000000007,1.0,-0.05258041174141121
8.350000000000007,1.0,-0.04995224728921044
8.360000000000007,1.0,-0.04733064504236166
8.370000000000006,1.0,-0.04471558861567355
8.380000000000006,1.0,-0.042107061664805046
8.390000000000008,1.0,-0.03950504788615566
8.400000000000006,1.0,-0.03690953101675848
8.410000000000007,1.0,-0.0343204948341659
8.420000000000007,1.0,-0.03173792315688745
8.430000000000007,1.0,-0.029161799845146476
8.440000000000007,1.0,-0.026592108798281635
8.450000000000006,1.0,-0.024028833955722608
8.460000000000006,1.0,-0.021471959296982427
8.470000000000006,1.0,-0.018921468841553536
8.480000000000008,1.0,-0.016377346648803415
8.490000000000006,1.0,-0.013839576817872854
8.500000000000007,1.0,-0.011308143487567085
8.510000000000007,1.0,-0.008783030836258133
8.520000000000007,1.0,-0.006264223081775916
8.530000000000006,1.0,-0.003751704481307308
8.540000000000006,1.0,-0.0012454593319969863
8.550000000000008,1.0,0.001254528029673619
8.560000000000006,1.0,0.0037482732286167053
8.570000000000007,1.0,0.006235791850749177
8.580000000000007,1.0,0.008717099443087437
8.590000000000007,1.0,0.011192211513853191
8.600000000000007,1.0,0.013661143532572185
8.610000000000007,1.0,0.016123910930175595
8.620000000000006,1.0,0.018580529099101004
8.630000000000006,1.0,0.021031013393393316
8.640000000000008,1.0,0.023475379128806168
8.650000000000006,1.0,0.025913641582101417
8.660000000000007,1.0,0.028345815993474625
8.670000000000007,1.0,0.030771917562661552
8.680000000000007,1.0,0.033191961452833874
8.690000000000007,1.0,0.03560596278930726
8.700000000000006,1.0,0.03801393665964206
8.710000000000008,1.0,0.04041589811374371
8.720000000000006,1.0,0.04281186216396034
8.730000000000008,1.0,0.04520184378518692
8.740000000000007,1.0,0.04758585791495856
8.750000000000007,1.0,0.04996391945355416
8.760000000000007,1.0,0.05233604326409301
8.770000000000007,1.0,0.05470224417241679
8.780000000000006,1.0,0.05706253696687717
8.790000000000006,1.0,0.059416936399287926
8.800000000000008,1.0,0.06176545718464562
8.810000000000006,1.0,0.06410811400119079
8.820000000000007,1.0,0.0664449214905013
8.830000000000007,1.0,0.06877589425757474
8.840000000000007,1.0,0.0711010468709206
8.850000000000007,1.0,0.07342039386264515
8.860000000000007,1.0,0.0757339497285383
8.870000000000008,1.0,0.0780417289282803
8.880000000000006,1.0,0.08034374588579662
8.890000000000008,1.0,0.08264001498873635
8.900000000000007,1.0,0.08493055058879269
8.910000000000007,1.0,0.08721536700182493
8.920000000000007,1.0,0.08949447850794497
8.930000000000007,1.0,0.0917678993516058
8.940000000000007,1.0,0.09403564374168934
8.950000000000006,1.0,0.09629772585159375
8.960000000000008,1.0,0.09855415981932097
8.970000000000006,1.0,0.10080495974757198
8.980000000000008,1.0,0.10305013970389203
8.990000000000007,1.0,0.10528971382584215
9.000000000000007,-1.0,0.10752365408025243
9.010000000000007,-1.0,0.10475831673886873
9.020000000000007,-1.0,0.10199987044258776
9.030000000000006,-1.0,0.09924831165045565
9.040000000000006,-1.0,0.09650362316259575
9.050000000000008,-1.0,0.09376578782371894
9.060000000000008,-1.0,0.09103478852265705
9.070000000000007,-1.0,0.08831060819369596
9.080000000000007,-1.0,0.08559322981137706
9.090000000000007,-1.0,0.08288263639012518
9.100000000000007,-1.0,0.0801788109890038
9.110000000000007,-1.0,0.07748173670896076
9.120000000000008,-1.0,0.07479139669315081
9.130000000000008,-1.0,0.07210777412732203
9.140000000000008,-1.0,0.06943085223834046
9.150000000000007,-1.0,0.06676061429564482
9.160000000000007,-1.0,0.06409704360838911
9.170000000000007,-1.0,0.061440123516017936
9.180000000000007,-1.0,0.058789837409546075
9.190000000000007,-1.0,0.05614616872387501
9.200000000000006,-1.0,0.0535091009355729
9.210000000000008,-1.0,0.050878617562765335
9.220000000000008,-1.0,0.048254702165028515
9.230000000000008,-1.0,0.04563733834327777
9.240000000000007,-1.0,0.043026509739660684
9.250000000000007,-1.0,0.04042220003744795
9.260000000000007,-1.0,0.0378243929609247
9.270000000000007,-1.0,0.03523307227528176
9.280000000000008,-1.0,0.032648221786506476
9.290000000000008,-1.0,0.030069825341275874
9.300000000000008,-1.0,0.027497866826845237
9.310000000000008,-1.0,0.024932330170941177
9.320000000000007,-1.0,0.02237319934165251
9.330000000000007,-1.0,0.019820458347321542
9.340000000000007,-1.0,0.017274091236435377
9.350000000000007,-1.0,0.014734082097517205
9.360000000000007,-1.0,0.012200415059017606
9.370000000000008,-1.0,0.009673074289205396
9.380000000000008,-1.0,0.0071520439960607255
9.390000000000008,-1.0,0.004637308427163684
9.400000000000007,-1.0,0.0021288518695873823
9.410000000000007,-1.0,-0.00037334135021118396
9.420000000000007,-1.0,-0.0028692868664998445
9.430000000000007,-1.0,-0.005359000274379951
9.440000000000008,-1.0,-0.007842497129901732
9.450000000000008,-1.0,-0.010319792965828134
9.460000000000008,-1.0,-0.012790903277471136
9.470000000000008,-1.0,-0.015255843508393922
9.480000000000008,-1.0,-0.017714629063760007
9.490000000000007,-1.0,-0.020167275310446847
9.500000000000007,-1.0,-0.02261379757715963
9.510000000000007,-1.0,-0.02505421115454492
9.520000000000007,-1.0,-0.02748853129530432
9.530000000000008,-1.0,-0.029916773214308676
9.540000000000008,-1.0,-0.03233895208870998
9.550000000000008,-1.0,-0.03475508305805769
9.560000000000008,-1.0,-0.03716518122441063
9.570000000000007,-1.0,-0.03956926165245122
9.580000000000007,-1.0,-0.04196733936959907
9.590000000000007,-1.0,-0.044359429366124734
9.600000000000009,-1.0,-0.046745546595263796
9.610000000000008,-1.0,-0.04912570597332887
9.620000000000008,-1.0,-0.051499922379825855
9.630000000000008,-1.0,-0.05386821065756591
9.640000000000008,-1.0,-0.056230585612779584
9.650000000000007,-1.0,-0.05858706201523051
9.660000000000007,-1.0,-0.06093765459832907
9.670000000000007,-1.0,-0.06328237805924614
9.680000000000007,-1.0,-0.06562124705902671
9.690000000000008,-1.0,-0.06795427622270407
9.700000000000008,-1.0,-0.07028148013941181
9.710000000000008,-1.0,-0.07260287336249996
9.720000000000008,-1.0,-0.0749184704096471
9.730000000000008,-1.0,-0.07722828575827587
9.740000000000007,-1.0,-0.0795323338245848
9.750000000000007,-1.0,-0.0818306289983738
9.760000000000009,-1.0,-0.08412318563308861
9.770000000000008,-1.0,-0.08641001804281613
9.780000000000008,-1.0,-0.08869114050207876
9.790000000000008,-1.0,-0.09096656724562464
9.800000000000008,-1.0,-0.09323631247387897
9.810000000000008,-1.0,-0.09550039039958244
9.820000000000007,-1.0,-0.09775881518264314
9.830000000000007,-1.0,-0.10001160094143327
9.840000000000007,-1.0,-0.10225876176202023
9.850000000000009,-1.0,-0.10450031169860823
9.860000000000008,-1.0,-0.10673626477397806
9.870000000000008,-1.0,-0.10896663497786195
9.880000000000008,-1.0,-0.11119143623299543
9.890000000000008,-1.0,-0.11341068243541774
9.900000000000007,-1.0,-0.11562438745495171
9.910000000000007,-1.0,-0.11783256512610901
9.920000000000009,-1.0,-0.12003522924806251
9.930000000000009,-1.0,-0.12223239358461642
9.940000000000008,-1.0,-0.124424071864208
9.950000000000008,-1.0,-0.12661027778414843
9.960000000000008,-1.0,-0.1287910250164888
9.970000000000008,-1.0,-0.13096632718964887
9.980000000000008,-1.0,-0.1331361978980486
9.990000000000007,-1.0,-0.1353006507060081
